Workbook

Sheet Read Me
A1: Concentration Limits Workbook
A3: What it is
A4: A limit monitor for an SBA 7(a) small-business loan portfolio (loans approved 2001-2010). Each industry and state has a limit: the most of the portfolio it may hold. Riskier groups get a tighter limit.
A6: How to use it
A7: 1. Go to the Settings sheet and change any YELLOW cell (for example the industry limit).
A8: 2. The Limit Monitor and Summary sheets update by themselves: every limit, headroom and status is a formula.
A9: 3. Use the filter arrows on the Limit Monitor header row to show only Breach or Watch rows.
A11: Colour key
A12: Yellow cell = a setting you can change. Blue text = a number typed in. Black text = a formula. Green text = a formula reading another sheet.
A14: Status rules
A15: Breach = share of dollars is above the limit. Watch = share has used the watch level (e.g. 80%) of the limit or more. Within = comfortably inside the limit.
A16: Risk index = share of dollars lost / share of dollars lent. Above 1 means the group loses more than its size suggests.
... A22: U.S. Small Business Administration 7(a) loan data (Kaggle: 'Should This Loan be Approved or Denied?'), cleaned and analysed in this project. Shares and risk indexes come from outputs/limit_monitor.csv, built by scripts/04_concentration_limits.py.

Sheet Settings
A1: Limit settings (change the yellow cells)
A3: Setting | B3: Value | C3: What it means
A4: Industry limit | B4: 0.15 | C4: Most of the portfolio's dollars one industry may hold
A5: Industry limit, high-risk | B5: 0.1 | C5: Tighter limit for industries with a high risk index
A6: State limit | B6: 0.1 | C6: Most of the portfolio's dollars one state may hold
A7: State limit, high-risk | B7: 0.075 | C7: Tighter limit for states with a high risk index
A8: High-risk if risk index is above | B8: 1.25 | C8: Risk index = share of losses / share of dollars
A9: Watch level (share of limit used) | B9: 0.8 | C9: Status becomes Watch once this much of the limit is used
A11: These are example settings for a portfolio project, not real policy.

Sheet Summary
A1: Limit monitor summary
A3: Dimension | B3: Breach | C3: Watch | D3: Within | E3: Total
A4: Industry | B4: =COUNTIFS('Limit Monitor'!$A$2:$A$73,$A4,'Limit Monitor'!$K$2:$K$73,"Breach") | C4: =COUNTIFS('Limit Monitor'!$A$2:$A$73,$A4,'Limit Monitor'!$K$2:$K$73,"Watch") | D4: =COUNTIFS('Limit Monitor'!$A$2:$A$73,$A4,'Limit Monitor'!$K$2:$K$73,"Within") | E4: =SUM(B4:D4)
A5: State | B5: =COUNTIFS('Limit Monitor'!$A$2:$A$73,$A5,'Limit Monitor'!$K$2:$K$73,"Breach") | C5: =COUNTIFS('Limit Monitor'!$A$2:$A$73,$A5,'Limit Monitor'!$K$2:$K$73,"Watch") | D5: =COUNTIFS('Limit Monitor'!$A$2:$A$73,$A5,'Limit Monitor'!$K$2:$K$73,"Within") | E5: =SUM(B5:D5)
A6: Total | B6: =SUM(B4:B5) | C6: =SUM(C4:C5) | D6: =SUM(D4:D5) | E6: =SUM(E4:E5)
A8: Largest exposures
A9: Dimension | B9: Group | C9: Share of dollars
A10: Industry | B10: =INDEX('Limit Monitor'!$B$2:$B$73,MATCH(1,INDEX(('Limit Monitor'!$A$2:$A$73=$A10)*('Limit Monitor'!$D$2:$D$73=C10),0),0)) | C10: =SUMPRODUCT(MAX(('Limit Monitor'!$A$2:$A$73=$A10)*'Limit Monitor'!$D$2:$D$73))
A11: State | B11: =INDEX('Limit Monitor'!$B$2:$B$73,MATCH(1,INDEX(('Limit Monitor'!$A$2:$A$73=$A11)*('Limit Monitor'!$D$2:$D$73=C11),0),0)) | C11: =SUMPRODUCT(MAX(('Limit Monitor'!$A$2:$A$73=$A11)*'Limit Monitor'!$D$2:$D$73))
A13: Check: shares add up to 100%
A14: Industry | B14: =SUMIFS('Limit Monitor'!$D$2:$D$73,'Limit Monitor'!$A$2:$A$73,$A14) | C14: =IF(ABS(B14-1)<0.005,"OK","Check")
A15: State | B15: =SUMIFS('Limit Monitor'!$D$2:$D$73,'Limit Monitor'!$A$2:$A$73,$A15) | C15: =IF(ABS(B15-1)<0.005,"OK","Check")

Sheet Limit Monitor
A1: Dimension | B1: Group | C1: Loans | D1: Share of dollars | E1: Share of losses | F1: Risk index | G1: High risk? | H1: Limit | I1: Headroom | J1: Limit used | K1: Status
A2: Industry | B2: Retail Trade | C2: 90703 | D2: 0.1715 | E2: 0.2029 | F2: =IF(D2>0,E2/D2,0) | G2: =IF(F2>Settings!$B$8,"Yes","No") | H2: =IF(A2="Industry",IF(G2="Yes",Settings!$B$5,Settings!$B$4),IF(G2="Yes",Settings!$B$7,Settings!$B$6)) | I2: =H2-D2 | J2: =IF(H2>0,D2/H2,0) | K2: =IF(J2>1,"Breach",IF(J2>=Settings!$B$9,"Watch","Within"))
A3: Industry | B3: Accommodation & Food Services | C3: 58700 | D3: 0.1702 | E3: 0.1683 | F3: =IF(D3>0,E3/D3,0) | G3: =IF(F3>Settings!$B$8,"Yes","No") | H3: =IF(A3="Industry",IF(G3="Yes",Settings!$B$5,Settings!$B$4),IF(G3="Yes",Settings!$B$7,Settings!$B$6)) | I3: =H3-D3 | J3: =IF(H3>0,D3/H3,0) | K3: =IF(J3>1,"Breach",IF(J3>=Settings!$B$9,"Watch","Within"))
A4: Industry | B4: Manufacturing | C4: 44575 | D4: 0.1287 | E4: 0.097 | F4: =IF(D4>0,E4/D4,0) | G4: =IF(F4>Settings!$B$8,"Yes","No") | H4: =IF(A4="Industry",IF(G4="Yes",Settings!$B$5,Settings!$B$4),IF(G4="Yes",Settings!$B$7,Settings!$B$6)) | I4: =H4-D4 | J4: =IF(H4>0,D4/H4,0) | K4: =IF(J4>1,"Breach",IF(J4>=Settings!$B$9,"Watch","Within"))
A5: Industry | B5: Health Care & Social Assistance | C5: 35281 | D5: 0.0851 | E5: 0.0497 | F5: =IF(D5>0,E5/D5,0) | G5: =IF(F5>Settings!$B$8,"Yes","No") | H5: =IF(A5="Industry",IF(G5="Yes",Settings!$B$5,Settings!$B$4),IF(G5="Yes",Settings!$B$7,Settings!$B$6)) | I5: =H5-D5 | J5: =IF(H5>0,D5/H5,0) | K5: =IF(J5>1,"Breach",IF(J5>=Settings!$B$9,"Watch","Within"))
A6: Industry | B6: Other Services (repair, personal care, etc.) | C6: 49725 | D6: 0.0815 | E6: 0.0932 | F6: =IF(D6>0,E6/D6,0) | G6: =IF(F6>Settings!$B$8,"Yes","No") | H6: =IF(A6="Industry",IF(G6="Yes",Settings!$B$5,Settings!$B$4),IF(G6="Yes",Settings!$B$7,Settings!$B$6)) | I6: =H6-D6 | J6: =IF(H6>0,D6/H6,0) | K6: =IF(J6>1,"Breach",IF(J6>=Settings!$B$9,"Watch","Within"))
A7: Industry | B7: Wholesale Trade | C7: 31551 | D7: 0.0752 | E7: 0.0647 | F7: =IF(D7>0,E7/D7,0) | G7: =IF(F7>Settings!$B$8,"Yes","No") | H7: =IF(A7="Industry",IF(G7="Yes",Settings!$B$5,Settings!$B$4),IF(G7="Yes",Settings!$B$7,Settings!$B$6)) | I7: =H7-D7 | J7: =IF(H7>0,D7/H7,0) | K7: =IF(J7>1,"Breach",IF(J7>=Settings!$B$9,"Watch","Within"))
A8: Industry | B8: Professional, Scientific & Technical Services | C8: 51237 | D8: 0.0726 | E8: 0.0679 | F8: =IF(D8>0,E8/D8,0) | G8: =IF(F8>Settings!$B$8,"Yes","No") | H8: =IF(A8="Industry",IF(G8="Yes",Settings!$B$5,Settings!$B$4),IF(G8="Yes",Settings!$B$7,Settings!$B$6)) | I8: =H8-D8 | J8: =IF(H8>0,D8/H8,0) | K8: =IF(J8>1,"Breach",IF(J8>=Settings!$B$9,"Watch","Within"))
A9: Industry | B9: Construction | C9: 48347 | D9: 0.0673 | E9: 0.0908 | F9: =IF(D9>0,E9/D9,0) | G9: =IF(F9>Settings!$B$8,"Yes","No") | H9: =IF(A9="Industry",IF(G9="Yes",Settings!$B$5,Settings!$B$4),IF(G9="Yes",Settings!$B$7,Settings!$B$6)) | I9: =H9-D9 | J9: =IF(H9>0,D9/H9,0) | K9: =IF(J9>1,"Breach",IF(J9>=Settings!$B$9,"Watch","Within"))
A10: Industry | B10: Administrative & Support / Waste Management | C10: 27633 | D10: 0.0316 | E10: 0.0389 | F10: =IF(D10>0,E10/D10,0) | G10: =IF(F10>Settings!$B$8,"Yes","No") | H10: =IF(A10="Industry",IF(G10="Yes",Settings!$B$5,Settings!$B$4),IF(G10="Yes",Settings!$B$7,Settings!$B$6)) | I10: =H10-D10 | J10: =IF(H10>0,D10/H10,0) | K10: =IF(J10>1,"Breach",IF(J10>=Settings!$B$9,"Watch","Within"))
A11: Industry | B11: Transportation & Warehousing | C11: 19549 | D11: 0.0246 | E11: 0.0286 | F11: =IF(D11>0,E11/D11,0) | G11: =IF(F11>Settings!$B$8,"Yes","No") | H11: =IF(A11="Industry",IF(G11="Yes",Settings!$B$5,Settings!$B$4),IF(G11="Yes",Settings!$B$7,Settings!$B$6)) | I11: =H11-D11 | J11: =IF(H11>0,D11/H11,0) | K11: =IF(J11>1,"Breach",IF(J11>=Settings!$B$9,"Watch","Within"))
A12: Industry | B12: Arts, Entertainment & Recreation | C12: 10339 | D12: 0.022 | E12: 0.0249 | F12: =IF(D12>0,E12/D12,0) | G12: =IF(F12>Settings!$B$8,"Yes","No") | H12: =IF(A12="Industry",IF(G12="Yes",Settings!$B$5,Settings!$B$4),IF(G12="Yes",Settings!$B$7,Settings!$B$6)) | I12: =H12-D12 | J12: =IF(H12>0,D12/H12,0) | K12: =IF(J12>1,"Breach",IF(J12>=Settings!$B$9,"Watch","Within"))
A13: Industry | B13: Real Estate, Rental & Leasing | C13: 11203 | D13: 0.0194 | E13: 0.0223 | F13: =IF(D13>0,E13/D13,0) | G13: =IF(F13>Settings!$B$8,"Yes","No") | H13: =IF(A13="Industry",IF(G13="Yes",Settings!$B$5,Settings!$B$4),IF(G13="Yes",Settings!$B$7,Settings!$B$6)) | I13: =H13-D13 | J13: =IF(H13>0,D13/H13,0) | K13: =IF(J13>1,"Breach",IF(J13>=Settings!$B$9,"Watch","Within"))
... A73: State | B73: DC | C73: 1129 | D73: 0.0016 | E73: 0.0016 | F73: =IF(D73>0,E73/D73,0) | G73: =IF(F73>Settings!$B$8,"Yes","No") | H73: =IF(A73="Industry",IF(G73="Yes",Settings!$B$5,Settings!$B$4),IF(G73="Yes",Settings!$B$7,Settings!$B$6)) | I73: =H73-D73 | J73: =IF(H73>0,D73/H73,0) | K73: =IF(J73>1,"Breach",IF(J73>=Settings!$B$9,"Watch","Within"))
A75: Source: outputs/limit_monitor.csv (Step 4), loans approved 2001-2010. Blue = inputs from the analysis. Limit, headroom, limit used and status are formulas.
